target,prediction_0_for_No_1_for_Yes
1,1.0
1,1.0
1,1.0
0,1.0
1,0.07142857142857142
1,1.0
0,0.07142857142857142
0,0.07142857142857142
0,0.3333333333333333
0,0.07142857142857142
1,0.07142857142857142
0,0.07142857142857142
0,0.3333333333333333
0,0.07142857142857142
1,1.0
0,0.3333333333333333
0,0.3333333333333333
0,0.3333333333333333
0,0.3333333333333333
