feature,mean_importance
Your current year of Study,-0.031056713430505024
Timestamp,-0.01940132097194065
age,-0.011580665487992126
Choose your gender,-0.007891411530344094
Do you have Anxiety?,-9.504603712178206e-05
Did you seek any specialist for a treatment?,0.0
Do you have Panic attack?,0.001138048736672692
What is your CGPA?,0.012629356196052188
What is your course?,0.04858694954922329
Marital status,0.24324160406464027
