prediction_0_for_No_1_for_Yes,target
0.4949935407009431,1
0.8344806989054363,1
0.6391164942625448,1
0.4862541856541651,0
0.25227356049328337,1
0.8993776907934233,1
0.11798626001202435,0
0.17231446336193304,0
0.2863036868659628,0
0.16284481236250514,0
0.13921876936775393,1
0.1704678793443688,0
0.31387256323939455,0
0.12210535614413594,0
0.9000157197025898,1
0.2607858431761551,0
0.30606397758226656,0
0.47280259908114236,0
0.2760230230783586,0
