target,prediction_0_for_No_1_for_Yes
1,0.0
0,0.3793103448275862
1,0.3793103448275862
0,0.3793103448275862
1,0.0
0,0.3793103448275862
1,1.0
0,0.3793103448275862
0,0.3793103448275862
1,1.0
0,0.3793103448275862
1,1.0
1,1.0
0,0.3793103448275862
0,0.3793103448275862
0,0.3793103448275862
0,0.3793103448275862
0,0.3793103448275862
0,0.0
