feature,mean_importance
What is your course?,-0.02181393213469294
Timestamp,-0.010249543355583457
Your current year of Study,-0.0023086572897648705
Choose your gender,0.0
age,0.0
Did you seek any specialist for a treatment?,0.0006870313692128649
Do you have Anxiety?,0.0019652250840003103
What is your CGPA?,0.00465908778334243
Do you have Panic attack?,0.012717891570716
Marital status,0.43611289639098916
