feature,shap_importance
Marital status,0.1972241433130684
Do you have Panic attack?,0.030513229853715594
What is your course?,0.02843544769332295
Timestamp,0.02142500732910772
What is your CGPA?,0.01940453451271009
Do you have Anxiety?,0.01854484553831606
Your current year of Study,0.006043528356318605
Did you seek any specialist for a treatment?,0.00476562155852165
Choose your gender,0.0
age,0.0
