target,prediction_0_for_No_1_for_Yes
1,0.3601315859325012
0,0.3327116374599213
1,0.3342502486303194
0,0.29426391917030575
1,0.17803992028820403
0,0.28178887601084396
1,0.9338842975206613
0,0.21850634341272998
0,0.24334115772122847
1,0.9338842975206613
0,0.24334115772122847
1,0.9723320158102766
1,0.9723320158102766
0,0.33529677162400273
0,0.25849267287274363
0,0.2859944657427495
0,0.2969403911623591
0,0.29426391917030575
0,0.3556525123744803
