feature,mean_importance
What is your course?,-0.08667582046044503
Your current year of Study,-0.014123059024936291
Choose your gender,0.0
Did you seek any specialist for a treatment?,0.0
Timestamp,7.147459607375062e-05
Do you have Panic attack?,0.0017141210405449802
What is your CGPA?,0.0061518927938059905
Age,0.007780706176632313
Do you have Anxiety?,0.033659335343461286
Marital status,0.2986108583839316
