target,prediction_0_for_No_1_for_Yes
1,0.6230926
1,0.87355334
1,0.8555433
0,0.5717795
1,0.09959214
1,0.8546022
0,0.13861217
0,0.112409376
0,0.5039438
0,0.090490304
1,0.21409516
0,0.21894044
0,0.5167268
0,0.11862672
1,0.8546022
0,0.6316949
0,0.580765
0,0.6512708
0,0.580765
