feature,mean_importance
What is your course?,-0.12449384883499533
Choose your gender,-0.02331932601301374
What is your CGPA?,-0.021892727832755456
Timestamp,-0.007722586176226498
Your current year of Study,-0.004416117669337294
Age,0.01627598098391596
Do you have Panic attack?,0.05708777857414218
Do you have Anxiety?,0.07947356396556964
Did you seek any specialist for a treatment?,0.09867105053831031
Marital status,0.43907507704614623
