target,prediction_0_for_No_1_for_Yes
1,0.3017728940112159
1,0.9324953051919097
1,0.559254313740462
0,0.26526677310093205
1,0.3222629397085754
1,0.9946255483773532
0,0.03160276237108707
0,0.04964898589154661
0,0.6147684987919835
0,0.14087515731055725
1,0.18672997826380244
0,0.33602409035717806
0,0.4632962002087647
0,0.16176858904804747
1,0.9926964426003981
0,0.26019284072756166
0,0.6137537348686609
0,0.7366190487406866
0,0.274558986448694
