target,prediction_0_for_No_1_for_Yes
1,0.2333463060298066
0,0.1417970570198835
1,0.6233211220424334
0,0.31542068325256467
1,0.05996252187784381
0,0.0923520877496383
1,0.6534881537250721
0,0.17171872057558935
0,0.13709745809131757
1,0.8010391876268201
0,0.07930995317185574
1,0.8218246823999463
1,0.3517595781475904
0,0.2693926024172615
0,0.1539206017928487
0,0.2526996818753649
0,0.3087532596328753
0,0.29461786288172714
0,0.2919598005242062
