feature,mean_importance
What is your course?,-0.03348711873018121
Choose your gender,-0.030982648739704043
Timestamp,-0.01157918143631681
What is your CGPA?,-0.011434356140486579
Age,-0.003255792389503476
Do you have Panic attack?,-0.0022830317950692015
Your current year of Study,-0.0012058725268387694
Do you have Anxiety?,0.054945436925138744
Did you seek any specialist for a treatment?,0.08585486175988914
Marital status,0.17931562938811305
