target,prediction_0_for_No_1_for_Yes
1,0.16167152845460578
1,0.7126410798431068
1,0.32266359366662367
0,0.14584330018175207
1,0.36177014563537757
1,0.8130994290422511
0,0.12719357206025514
0,0.23628174659238313
0,0.1875401754585005
0,0.22017372570483076
1,0.15935301200347068
0,0.22388256702186132
0,0.24669842199707442
0,0.1310292846887292
1,0.8145247356613706
0,0.14052498187059567
0,0.22693364819376147
0,0.5565693590788594
0,0.17264982349570465
