feature,shap_importance
Marital status,0.18018310633888815
What is your course?,0.13246162719593826
Did you seek any specialist for a treatment?,0.010845126467350313
Do you have Anxiety?,0.00881393890916784
Do you have Panic attack?,0.008047439348869543
Age,0.0031768839797449606
What is your CGPA?,0.0030024021714158606
Timestamp,0.002811392061720769
Your current year of Study,0.001827367808588672
Choose your gender,0.0
