feature,mean_importance
What is your course?,-0.05306031043509859
What is your CGPA?,-0.0009689993648404838
Your current year of Study,-0.0009145645560956428
Choose your gender,2.2204460492503132e-17
Timestamp,0.00024279427371207696
Age,0.0015928786127930028
Do you have Panic attack?,0.006514408108683622
Do you have Anxiety?,0.007325496165973955
Did you seek any specialist for a treatment?,0.01992109194858711
Marital status,0.4060913641470513
