target,prediction_0_for_No_1_for_Yes
1,0.48494665884184074
1,0.8689609539032978
1,0.8667081845753979
0,0.47999521337973455
1,0.2854737831964248
1,0.9569678576337877
0,0.18347970103423786
0,0.18218439753730617
0,0.48853492815360905
0,0.17369055420339585
1,0.21439643733896876
0,0.20830243214348593
0,0.4764734467784772
0,0.19668713994148526
1,0.9565201112314271
0,0.4764734467784772
0,0.4889162542456485
0,0.5004408505836093
0,0.47152200131637106
