prediction_0_for_No_1_for_Yes,target
0.29773443216509593,1
0.22965073070388842,0
0.5360385070678295,1
0.2651049034820629,0
0.12488695611081811,1
0.20927437575907767,0
0.9529434660105767,1
0.20895907103885414,0
0.30512840852235107,0
0.9532175509145501,1
0.1772005705528337,0
0.9798748095017983,1
0.9507084490548522,1
0.3475675317788957,0
0.32303313627352875,0
0.24065151085729544,0
0.38107423742946556,0
0.2658574211050424,0
0.2882659088355625,0
