target,prediction_0_for_No_1_for_Yes
1,0.1729401246302854
0,0.023528917191822683
1,0.9396150239428497
0,0.20678687210557714
1,0.018581027756046257
0,0.06424537525554509
1,0.9910618029904075
0,0.18986452629110245
0,0.4287029101245964
1,0.9918840577023279
0,0.04491939621604419
1,0.9949603968848416
1,0.9074613155440036
0,0.3721090520886816
0,0.452114063075099
0,0.14996560108638737
0,0.5493419299636784
0,0.20904442497451578
0,0.15349270175772692
