target,prediction_0_for_No_1_for_Yes
1,0.3550501
0,0.4242112
1,0.6285607
0,0.551479
1,0.15232761
0,0.4355179
1,0.8421829
0,0.3834881
0,0.5778046
1,0.8421829
0,0.3138136
1,0.8421829
1,0.8421829
0,0.4446189
0,0.4612354
0,0.33934158
0,0.3341532
0,0.551479
0,0.32730556
