target,prediction_0_for_No_1_for_Yes
1,0.3392857142857143
0,0.3392857142857143
1,0.3392857142857143
0,0.3392857142857143
1,0.3392857142857143
0,0.3392857142857143
1,0.3392857142857143
0,0.3392857142857143
0,0.3392857142857143
1,0.3392857142857143
0,0.3392857142857143
1,0.3392857142857143
1,0.3392857142857143
0,0.3392857142857143
0,0.3392857142857143
0,0.3392857142857143
0,0.3392857142857143
0,0.3392857142857143
0,0.3392857142857143
